
{
    "lighting": "vialrgb",
    "matrix": {
        "rows": 4,
        "cols": 5
    },
    "layouts": {
        "keymap":[
            [
              "0,0",
              "0,1",
              "0,2",
              "0,3",
              {
                "x": 0.09999999999999964
              },
              "0,0\n\n\n\n\n\n\n\n\ne",
              "0,1\n\n\n\n\n\n\n\n\ne"
            ],
            [
              "1,0",
              "1,1",
              "1,2",
              "1,3",
              {
                "x": 0.5
              },
              "0,4"
            ],
            [
              "2,0",
              "2,1",
              "2,2",
              "2,3"
            ],
            [
              {
                "y": -0.7999999999999998,
                "x": 4.1
              },
              "1,0\n\n\n\n\n\n\n\n\ne",
              "1,1\n\n\n\n\n\n\n\n\ne"
            ],
            [
              {
                "y": -0.20000000000000018
              },
              "3,0",
              "3,1",
              "3,2"
            ],
            [
              {
                "y": -0.7999999999999998,
                "x": 4.5
              },
              "2,4"
            ],
            [
              {
                "r": 15,
                "rx": 1,
                "ry": 2.5,
                "y": 0.5,
                "x": 2.5
              },
              "3,3"
            ]
          ]
    }
}